id;email;home_number;mobile_number
1;Fermin0@hotmail.com;Borders;Bedfordshire Bahamian Dollar
2;Eugene.Flatley32@gmail.com;Mauritania;facilitate Tasty Concrete Chips Exclusive
3;Jerry14@hotmail.com;Supervisor;Personal Loan Account
4;Hallie27@yahoo.com;Investor Public-key;Lebanon
5;Winona59@yahoo.com;Handmade 24/7 Re-contextualized;web-enabled invoice withdrawal
6;Raymundo_Borer15@yahoo.com;Bedfordshire;Refined Rubber Gloves Algerian Dinar Clothing
7;Raleigh_Fahey@yahoo.com;Sausages;disintermediate Cambridgeshire hacking
8;Evan20@hotmail.com;Tanzania Fiji Dollar Profound;parsing
9;Jose24@yahoo.com;Tasty Customer Human;pink even-keeled
10;Mohammed_Stamm88@hotmail.com;optical invoice;Marketing
