id;first_name;middle_name;last_name;birthday;jhi_role;location;experience_start_year;active;gender
1;Garnett;Directives application Home Loan Account;Crist;2019-05-16T19:03:45;Small;CDMX;70807;true;MALE
2;Trevion;Electronics;Zemlak;2019-05-17T01:21:39;methodology Albania;CDMX;39986;false;MALE
3;Frederick;Common;Schaden;2019-05-16T14:55:17;syndicate;CDMX;6505;false;MALE
4;Aglae;Public-key;Fisher;2019-05-16T19:11:56;Rubber Buckinghamshire Games;CDMX;42515;true;MALE
5;Christine;Facilitator;Ryan;2019-05-16T18:58:07;e-enable Communications capacitor;CDMX;19598;true;MALE
6;Rosalinda;compress South Georgia and the South Sandwich Islands;McGlynn;2019-05-16T21:12:02;mission-critical Faroe Islands Plastic;CDMX;39488;false;MALE
7;Raven;monitor;Rempel;2019-05-16T10:47:54;Checking Account Identity deposit;CDMX;6355;false;MALE
8;Mandy;New York tangible Mississippi;Homenick;2019-05-17T02:53:32;bus synthesize Idaho;CDMX;43933;false;MALE
9;Lou;knowledge base Buckinghamshire;Upton;2019-05-17T02:25:07;Investment Account;CDMX;7697;true;MALE
10;Shania;Auto Loan Account modular Refined;Klocko;2019-05-16T10:28:28;maroon;CDMX;35629;false;MALE
